{"cameraMode":{"drawMode":0,"name":"Shaded","section":"Shading Mode"},"sceneLighting":true,"audioPlay":false,"sceneViewState":{"showFog":true,"showMaterialUpdate":false,"showSkybox":true,"showFlares":true,"showImageEffects":true,"showParticleSystems":true},"in2DMode":false,"pivot":{"x":-0.37729644775390627,"y":-9.112811088562012,"z":4.458130836486816},"rotation":{"x":-0.4559191167354584,"y":-0.0023982669226825239,"z":0.0012256678892299533,"w":-0.8900303244590759},"size":14.142135620117188,"orthographic":false}